name,provider,city,neighborhood,beds,baths,sqft,sleeps,monthly,minNights,utilities,petFriendly,amenities,notes,url
2Br The Landon Residences,Astrid Living,New York,,2,1,,,,,,,,Property ID 26074,
1 Bedroom,Astrid Living,New York,,1,1,,,,,,,,Property ID 26071,
1 Bedroom,Astrid Living,New York,,1,1,,,,,,,,Property ID 26070,
1 Bedroom,Astrid Living,New York,,1,1,,,,,,,,Property ID 26069,
1 Bedroom,Astrid Living,New York,,1,1,,,,,,,,Property ID 26068,
1 Bedroom,Astrid Living,New York,,1,1,,,,,,,,Property ID 26067,
1 Bedroom,Astrid Living,New York,,1,1,,,,,,,,Property ID 26066,
1 Bedroom,Astrid Living,New York,,1,1,,,,,,,,Property ID 26065,
1 Bedroom,Astrid Living,New York,,1,1,,,,,,,,Property ID 26064,
2Br Madison Residence,Astrid Living,New York,,3,1,,,,,,,,Property ID 26062,
2Br Madison Residence,Astrid Living,New York,,3,1,,,,,,,,Property ID 26061,
2Br Madison Residence,Astrid Living,New York,,3,1,,,,,,,,Property ID 26060,
2Br Madison Residence,Astrid Living,New York,,3,1,,,,,,,,Property ID 26059,
1 Br Madison Residence,Astrid Living,New York,,1,2,,,,,,,,Property ID 26058,
2Br Madison Residence,Astrid Living,New York,,2,1,,,,,,,,Property ID 26057,
Deluxe Double Queen Room,Astrid Living,New York,,1,1,,,,,,,,Property ID 26049,
Deluxe Double Queen Room,Astrid Living,New York,,1,1,,,,,,,,Property ID 26048,
Deluxe Double Queen Room,Astrid Living,New York,,1,1,,,,,,,,Property ID 26047,
Deluxe Double Queen Room,Astrid Living,New York,,1,1,,,,,,,,Property ID 26046,
Deluxe Double Queen Room,Astrid Living,New York,,1,1,,,,,,,,Property ID 26045,
1 Bedroom,Astrid Living,New York,,1,1,,,,,,,,Property ID 26043,
1 Bedroom,Astrid Living,New York,,1,1,,,,,,,,Property ID 26042,
1 Bedroom,Astrid Living,New York,,1,1,,,,,,,,Property ID 26041,
1 Bedroom,Astrid Living,New York,,1,1,,,,,,,,Property ID 26040,
1 Bedroom,Astrid Living,New York,,1,1,,,,,,,,Property ID 26039,
1Br Solari,Astrid Living,New York,,1,1,,,,,,,,Property ID 25961,
Studio King ThirtyTwo Residence,Astrid Living,New York,,1,1,,,,,,,,Property ID 25951,
Studio King ThirtyTwo Residence,Astrid Living,New York,,1,1,,,,,,,,Property ID 25950,
502,Astrid Living,New York,,1,1,,,,,,,,Property ID 25949,
Studio King ThirtyTwo Residence,Astrid Living,New York,,1,1,,,,,,,,Property ID 25948,
Studio King ThirtyTwo Residence,Astrid Living,New York,,1,1,,,,,,,,Property ID 25947,
Studio King ThirtyTwo Residence,Astrid Living,New York,,0,1,,,,,,,,Property ID 25946,
Studio King ThirtyTwo Residence,Astrid Living,New York,,0,1,,,,,,,,Property ID 25945,
Studio King ThirtyTwo Residence,Astrid Living,New York,,0,1,,,,,,,,Property ID 25944,
Studio King ThirtyTwo Residence,Astrid Living,New York,,0,1,,,,,,,,Property ID 25943,
Studio King ThirtyTwo Residence,Astrid Living,New York,,0,1,,,,,,,,Property ID 25942,
Studio King ThirtyTwo Residence,Astrid Living,New York,,0,1,,,,,,,,Property ID 25941,
804,Astrid Living,New York,,0,1,,,,,,,,Property ID 25940,
Studio King ThirtyTwo Residence,Astrid Living,New York,,0,1,,,,,,,,Property ID 25939,
Studio King ThirtyTwo Residence,Astrid Living,New York,,0,1,,,,,,,,Property ID 25938,
Studio King ThirtyTwo Residence,Astrid Living,New York,,0,1,,,,,,,,Property ID 25937,
1Br Canal 1535 by Astrid,Astrid Living,New Orleans,,1,1,,,,,,,,Property ID 25932,
JR 1 Bedroom,Astrid Living,New York,,1,1,,,,,,,,Property ID 25927,
JR 1 Bedroom,Astrid Living,New York,,1,1,,,,,,,,Property ID 25926,
JR 1 Bedroom,Astrid Living,New York,,1,1,,,,,,,,Property ID 25925,
JR 1 Bedroom,Astrid Living,New York,,1,1,,,,,,,,Property ID 25924,
2BDR Sora Suites,Astrid Living,Inglewood,,1,1,,,,,,,,Property ID 25901,
2BDR Sora Suites,Astrid Living,Inglewood,,1,1,,,,,,,,Property ID 25900,
2BDR Sora Suites,Astrid Living,Inglewood,,1,1,,,,,,,,Property ID 25899,
2BDR Sora Suites,Astrid Living,Inglewood,,1,1,,,,,,,,Property ID 25898,
2BDR Sora Suites,Astrid Living,Inglewood,,1,1,,,,,,,,Property ID 25897,
1Br Sora by Astrid,Astrid Living,Inglewood,,1,1,,,,,,,,Property ID 25895,
1Br Sora by Astrid,Astrid Living,Inglewood,,1,1,,,,,,,,Property ID 25894,
1Br Sora by Astrid,Astrid Living,Inglewood,,1,1,,,,,,,,Property ID 25893,
1Br Sora by Astrid,Astrid Living,Inglewood,,1,1,,,,,,,,Property ID 25892,
1Br Sora by Astrid,Astrid Living,Inglewood,,1,1,,,,,,,,Property ID 25891,
1Br Sora by Astrid,Astrid Living,Inglewood,,1,1,,,,,,,,Property ID 25890,
1Br The Crosby by Astrid,Astrid Living,Inglewood,,2,1,,,,,,,,Property ID 25861,
1Br The Crosby by Astrid,Astrid Living,Inglewood,,2,1,,,,,,,,Property ID 25860,
1Br The Crosby by Astrid,Astrid Living,Inglewood,,2,1,,,,,,,,Property ID 25859,
1Br The Crosby by Astrid,Astrid Living,Inglewood,,2,1,,,,,,,,Property ID 25858,
1Br The Crosby by Astrid,Astrid Living,Inglewood,,2,1,,,,,,,,Property ID 25857,
1Br The Crosby by Astrid,Astrid Living,Inglewood,,1,1,,,,,,,,Property ID 25856,
1Br Avalon Playa Vista by Astrid,Astrid Living,Playa Vista,,1,1,,,,,,,,Property ID 25802,
Test Point At Wrentham,Astrid Living,Wrentham,,1,1,,,,,,,,Property ID 25400,
Test Point At Wrentham,Astrid Living,Wrentham,,1,1,,,,,,,,Property ID 25399,
1 Bedroom with Den / King and Twin,Astrid Living,Chicago,,1,1,,,,,,,,Property ID 25129,
1 Bedroom with Den / King and Twin,Astrid Living,Chicago,,1,1,,,,,,,,Property ID 25128,
1 Bedroom with Den / King and Twin,Astrid Living,Chicago,,1,1,,,,,,,,Property ID 25127,
1 Bedroom with Den / King and Twin,Astrid Living,Chicago,,1,1,,,,,,,,Property ID 25126,
1 Bedroom with Den / King and Twin,Astrid Living,Chicago,,1,1,,,,,,,,Property ID 25125,
1 Bedroom King,Astrid Living,Chicago,,1,1,,,,,,,,Property ID 25123,
1 Bedroom King,Astrid Living,Chicago,,1,1,,,,,,,,Property ID 25122,
1 Bedroom King,Astrid Living,Chicago,,1,1,,,,,,,,Property ID 25121,
1 Bedroom King,Astrid Living,Chicago,,1,1,,,,,,,,Property ID 25120,
1 Bedroom King,Astrid Living,Chicago,,1,1,,,,,,,,Property ID 25119,
Studio Kasa South Loop Chicago,Astrid Living,Chicago,,1,1,,,,,,,,Property ID 25117,
Studio Kasa South Loop Chicago,Astrid Living,Chicago,,1,1,,,,,,,,Property ID 25116,
Studio Kasa South Loop Chicago,Astrid Living,Chicago,,1,1,,,,,,,,Property ID 25115,
Studio Kasa South Loop Chicago,Astrid Living,Chicago,,1,1,,,,,,,,Property ID 25114,
Studio Kasa South Loop Chicago,Astrid Living,Chicago,,1,1,,,,,,,,Property ID 25113,
Studio Kasa South Loop Chicago,Astrid Living,Chicago,,1,1,,,,,,,,Property ID 25112,
1Br Michigan Avenue by Astrid,Astrid Living,Chicago,,1,1,,,,,,,,Property ID 25108,
1Br Michigan Avenue by Astrid,Astrid Living,Chicago,,1,1,,,,,,,,Property ID 25107,
1Br Michigan Avenue by Astrid,Astrid Living,Chicago,,1,1,,,,,,,,Property ID 25106,
1Br Michigan Avenue by Astrid,Astrid Living,Chicago,,2,1,,,,,,,,Property ID 25105,
1Br Michigan Avenue by Astrid,Astrid Living,Chicago,,2,1,,,,,,,,Property ID 25104,
1Br Michigan Avenue by Astrid,Astrid Living,Chicago,,1,1,,,,,,,,Property ID 25103,
Superior One-Bedroom + Den #601,Astrid Living,Miami,,1,1,,,,,,,,Property ID 24991,
Superior One-Bedroom + Den #601,Astrid Living,Miami,,1,1,,,,,,,,Property ID 24990,
Superior One-Bedroom + Den,Astrid Living,Miami,,1,1,,,,,,,,Property ID 24989,
Apt 401,Astrid Living,Miami,,1,1,,,,,,,,Property ID 24988,
Superior One-Bedroom + Den: #802,Astrid Living,Miami,,1,1,,,,,,,,Property ID 24987,
Superior 1 Bedroom,Astrid Living,Miami,,1,1,,,,,,,,Property ID 24982,
Superior 1 Bedroom,Astrid Living,Miami,,1,1,,,,,,,,Property ID 24981,
Superior 1 Bedroom,Astrid Living,Miami,,1,1,,,,,,,,Property ID 24980,
Superior 1 Bedroom: #406,Astrid Living,Miami,,1,1,,,,,,,,Property ID 24979,
Superior 1 Bedroom,Astrid Living,Miami,,1,1,,,,,,,,Property ID 24978,
1 Bedroom Apartment,Astrid Living,Los Angeles,,1,1,,,,,,,,Property ID 24976,
1 Bedroom Apartment,Astrid Living,Los Angeles,,1,1,,,,,,,,Property ID 24975,
1 Bedroom Apartment,Astrid Living,Los Angeles,,1,1,,,,,,,,Property ID 24974,
1 Bedroom Apartment,Astrid Living,Los Angeles,,1,1,,,,,,,,Property ID 24973,
1 Bedroom Apartment,Astrid Living,Los Angeles,,1,1,,,,,,,,Property ID 24972,
1Br Domus Brickell Park by Astrid,Astrid Living,Miami,,1,1,,,,,,,,Property ID 24250,
2Br The Point at Wrentham by Astrid,Astrid Living,Wrentham,,2,,,,,,,,,Property ID 24189,
2Br The Point at Wrentham by Astrid,Astrid Living,Wrentham,,2,,,,,,,,,Property ID 24188,
2Br The Point at Wrentham by Astrid,Astrid Living,Wrentham,,2,,,,,,,,,Property ID 24187,
2Br The Point at Wrentham by Astrid,Astrid Living,Wrentham,,2,,,,,,,,,Property ID 24186,
2Br The Point at Wrentham by Astrid,Astrid Living,Wrentham,,2,,,,,,,,,Property ID 24185,
2Br The Point at Wrentham #1-1210,Astrid Living,Wrentham,,2,,,,,,,,,Property ID 24184,
2Br The Point at Wrentham by Astrid,Astrid Living,Wrentham,,2,,,,,,,,,Property ID 24183,
2Br The Point at Wrentham by Astrid,Astrid Living,Wrentham,,2,,,,,,,,,Property ID 24182,
2Br The Point at Wrentham by Astrid,Astrid Living,Wrentham,,2,,,,,,,,,Property ID 24181,
2Br The Point at Wrentham by Astrid,Astrid Living,Wrentham,,2,,,,,,,,,Property ID 24180,
1Br Audubon Easterly by Astrid,Astrid Living,East Walpole,,1,1,,,,,,,,Property ID 23512,
1Br Audubon Easterly by Astrid,Astrid Living,East Walpole,,1,1,,,,,,,,Property ID 23511,
1Br Audubon Easterly by Astrid,Astrid Living,East Walpole,,1,1,,,,,,,,Property ID 23510,
1Br Audubon Easterly by Astrid,Astrid Living,East Walpole,,1,1,,,,,,,,Property ID 23509,
1Br Audubon Easterly by Astrid,Astrid Living,East Walpole,,1,1,,,,,,,,Property ID 23508,
1Br Audubon Easterly by Astrid,Astrid Living,East Walpole,,1,1,,,,,,,,Property ID 23507,
1Br Runway Living,Astrid Living,Playa Vista,,1,1,,,,,,,,Property ID 23503,
1Br Runway Living,Astrid Living,Playa Vista,,1,1,,,,,,,,Property ID 23502,
1Br Runway Living,Astrid Living,Playa Vista,,1,1,,,,,,,,Property ID 23501,
1Br Runway Living,Astrid Living,Playa Vista,,1,1,,,,,,,,Property ID 23500,
1Br Runway Living,Astrid Living,Playa Vista,,1,1,,,,,,,,Property ID 23499,
1Br AMLI Addison by Astrid,Astrid Living,Addison,,1,1,,,,,,,,Property ID 23307,
1Br AMLI Addison by Astrid,Astrid Living,Addison,,1,1,,,,,,,,Property ID 23306,
1Br AMLI Addison by Astrid #150,Astrid Living,Addison,,1,1,,,,,,,,Property ID 23305,
1Br AMLI Addison by Astrid #158,Astrid Living,Addison,,1,1,,,,,,,,Property ID 23304,
1Br AMLI Addison by Astrid #148,Astrid Living,Addison,,1,1,,,,,,,,Property ID 23303,
2Br AMLI Addison by Astrid,Astrid Living,Addison,,3,1,,,,,,,,Property ID 23302,
2Br AMLI Addison by Astrid #465,Astrid Living,Addison,,3,1,,,,,,,,Property ID 23301,
2Br AMLI Addison by Astrid,Astrid Living,Addison,,3,1,,,,,,,,Property ID 23300,
2Br AMLI Addison by Astrid,Astrid Living,Addison,,3,1,,,,,,,,Property ID 23299,
2Br AMLI Addison by Astrid,Astrid Living,Addison,,3,1,,,,,,,,Property ID 23298,
1Br AMLI Addison by Astrid #152,Astrid Living,Addison,,1,1,,,,,,,,Property ID 23296,
1Br Runway Living #B-323,Astrid Living,Playa Vista,,1,1,,,,,,,,Property ID 23282,
King Bed Hotel Room w/balcony,Astrid Living,Hollywood,,1,1,,,,,,,,Property ID 23278,
King Bed Hotel Room w/balcony,Astrid Living,Hollywood,,1,1,,,,,,,,Property ID 23277,
King Bed Hotel Room w/balcony,Astrid Living,Hollywood,,1,1,,,,,,,,Property ID 23276,
King Bed Hotel Room w/balcony,Astrid Living,Hollywood,,1,1,,,,,,,,Property ID 23275,
King Bed Hotel Room w/balcony,Astrid Living,Hollywood,,1,1,,,,,,,,Property ID 23274,
King Bed Hotel Room w/balcony,Astrid Living,Hollywood,,1,1,,,,,,,,Property ID 23273,
King Bed Hotel Room w/balcony,Astrid Living,Hollywood,,1,1,,,,,,,,Property ID 23272,
King Bed Hotel Room w/balcony,Astrid Living,Hollywood,,1,1,,,,,,,,Property ID 23271,
King Bed Hotel Room w/balcony,Astrid Living,Hollywood,,1,1,,,,,,,,Property ID 23270,
King Bed Hotel Room w/balcony,Astrid Living,Hollywood,,1,1,,,,,,,,Property ID 23269,
King Bed Hotel Room w/balcony,Astrid Living,Hollywood,,1,1,,,,,,,,Property ID 23268,
King Bed Hotel Room w/balcony,Astrid Living,Hollywood,,1,1,,,,,,,,Property ID 23267,
King Bed Hotel Room w/balcony,Astrid Living,Hollywood,,1,1,,,,,,,,Property ID 23266,
King Bed Hotel Room w/balcony,Astrid Living,Hollywood,,1,1,,,,,,,,Property ID 23265,
King Bed Hotel Room w/balcony,Astrid Living,Hollywood,,1,1,,,,,,,,Property ID 23264,
King Bed Hotel Room w/balcony,Astrid Living,Hollywood,,1,1,,,,,,,,Property ID 23263,
2Br Circ Residences,Astrid Living,Hollywood,,2,1,,,,,,,,Property ID 22951,
2Br Circ Residences,Astrid Living,Hollywood,,2,1,,,,,,,,Property ID 22950,
2Br Circ Residences,Astrid Living,Hollywood,,2,1,,,,,,,,Property ID 22949,
2Br Circ Residences #715,Astrid Living,Hollywood,,2,1,,,,,,,,Property ID 22948,
2Br Wynwood Miami by Astrid Living,Astrid Living,Miami,,2,1,,,,,,,,Property ID 22915,
2Br Wynwood Miami by Astrid Living,Astrid Living,Miami,,2,1,,,,,,,,Property ID 22914,
2Br Wynwood Miami by Astrid Living,Astrid Living,Miami,,2,1,,,,,,,,Property ID 22913,
2Br Wynwood Miami by Astrid Living,Astrid Living,Miami,,2,1,,,,,,,,Property ID 22912,
2Br Wynwood Miami by Astrid Living,Astrid Living,Miami,,2,1,,,,,,,,Property ID 22911,
2Br Wynwood Miami by Astrid Living,Astrid Living,Miami,,2,1,,,,,,,,Property ID 22910,
2Br Wynwood Miami by Astrid Living,Astrid Living,Miami,,2,1,,,,,,,,Property ID 22909,
2Br Wynwood Miami by Astrid Living,Astrid Living,Miami,,2,1,,,,,,,,Property ID 22908,
2Br Wynwood Miami by Astrid Living,Astrid Living,Miami,,2,1,,,,,,,,Property ID 22907,
2Br Wynwood Miami by Astrid Living,Astrid Living,Miami,,2,1,,,,,,,,Property ID 22906,
1Br Wynwood Miami by Astrid Living,Astrid Living,Miami,,1,1,,,,,,,,Property ID 22904,
1Br Wynwood Miami by Astrid Living,Astrid Living,Miami,,1,1,,,,,,,,Property ID 22903,
1Br Wynwood Miami by Astrid Living,Astrid Living,Miami,,1,1,,,,,,,,Property ID 22902,
1Br Wynwood Miami by Astrid Living,Astrid Living,Miami,,1,1,,,,,,,,Property ID 22901,
1Br Wynwood Miami by Astrid Living,Astrid Living,Miami,,1,1,,,,,,,,Property ID 22900,
1Br Wynwood Miami by Astrid Living,Astrid Living,Miami,,1,1,,,,,,,,Property ID 22899,
1Br Wynwood Miami by Astrid Living,Astrid Living,Miami,,1,1,,,,,,,,Property ID 22898,
1Br Wynwood Miami by Astrid Living,Astrid Living,Miami,,1,1,,,,,,,,Property ID 22897,
1Br Wynwood Miami by Astrid Living,Astrid Living,Miami,,1,1,,,,,,,,Property ID 22896,
1Br Wynwood Miami by Astrid Living,Astrid Living,Miami,,1,1,,,,,,,,Property ID 22895,
1Br Wynwood Miami by Astrid Living,Astrid Living,Miami,,1,1,,,,,,,,Property ID 22894,
1Br The Shelburne Suites,Astrid Living,New York,,1,1,,,,,,,,Property ID 22889,
1Br The Shelburne Suites,Astrid Living,New York,,1,1,,,,,,,,Property ID 22888,
1Br The Shelburne Suites,Astrid Living,New York,,1,1,,,,,,,,Property ID 22887,
1Br The Shelburne Suites,Astrid Living,New York,,1,1,,,,,,,,Property ID 22886,
1Br The Shelburne Suites,Astrid Living,New York,,1,1,,,,,,,,Property ID 22885,
1Br The Shelburne Suites,Astrid Living,New York,,1,1,,,,,,,,Property ID 22884,
1Br The Shelburne Suites,Astrid Living,New York,,1,1,,,,,,,,Property ID 22883,
1Br The Shelburne Suites,Astrid Living,New York,,1,1,,,,,,,,Property ID 22882,
Studio at The Shelburne Suites,Astrid Living,New York,,1,1,,,,,,,,Property ID 22881,
Studio at The Shelburne Suites,Astrid Living,New York,,1,1,,,,,,,,Property ID 22880,
Studio at The Shelburne Suites,Astrid Living,New York,,1,1,,,,,,,,Property ID 22879,
Studio at The Shelburne Suites,Astrid Living,New York,,1,1,,,,,,,,Property ID 22878,
Studio at The Shelburne Suites,Astrid Living,New York,,1,1,,,,,,,,Property ID 22877,
Studio at The Shelburne Suites,Astrid Living,New York,,1,1,,,,,,,,Property ID 22876,
Studio at The Shelburne Suites,Astrid Living,New York,,1,1,,,,,,,,Property ID 22875,
Studio at The Shelburne Suites,Astrid Living,New York,,1,1,,,,,,,,Property ID 22874,
Studio at The Shelburne Suites,Astrid Living,New York,,1,1,,,,,,,,Property ID 22873,
Studio at The Shelburne Suites,Astrid Living,New York,,1,1,,,,,,,,Property ID 22872,
Studio at The Shelburne Suites,Astrid Living,New York,,1,1,,,,,,,,Property ID 22871,
Studio at The Shelburne Suites,Astrid Living,New York,,1,1,,,,,,,,Property ID 22870,
Studio at The Shelburne Suites,Astrid Living,New York,,1,1,,,,,,,,Property ID 22869,
Studio at The Shelburne Suites,Astrid Living,New York,,1,1,,,,,,,,Property ID 22868,
Studio at The Shelburne Suites,Astrid Living,New York,,1,1,,,,,,,,Property ID 22867,
Studio at The Shelburne Suites,Astrid Living,New York,,1,1,,,,,,,,Property ID 22866,
Studio at The Shelburne Suites,Astrid Living,New York,,1,1,,,,,,,,Property ID 22865,
Studio at The Shelburne Suites,Astrid Living,New York,,1,1,,,,,,,,Property ID 22864,
Studio at The Shelburne Suites,Astrid Living,New York,,1,1,,,,,,,,Property ID 22863,
Studio at The Shelburne Suites,Astrid Living,New York,,1,1,,,,,,,,Property ID 22862,
1Br The Shelburne Suites,Astrid Living,New York,,1,1,,,,,,,,Property ID 22860,
Circ Hotel 1 Bedroom Suite #801,Astrid Living,Hollywood,,1,1,,,,,,,,Property ID 22815,
1Br Circ Residences by Astrid Livin,Astrid Living,Hollywood,,1,1,,,,,,,,Property ID 22814,
1Br Circ Residences by Astrid #314,Astrid Living,Hollywood,,1,1,,,,,,,,Property ID 22813,
1Br Circ Residences by Astrid Livin,Astrid Living,Hollywood,,1,1,,,,,,,,Property ID 22812,
1Br Circ Residences by Astrid Livin,Astrid Living,Hollywood,,1,1,,,,,,,,Property ID 22811,
Circ Hotel 1 Bedroom Suite #701,Astrid Living,Hollywood,,1,1,,,,,,,,Property ID 22810,
Circ Hotel 1 Bedroom Suite #901,Astrid Living,Hollywood,,1,1,,,,,,,,Property ID 22809,
1Br Circ Residences by Astrid Livin,Astrid Living,Hollywood,,1,1,,,,,,,,Property ID 22808,
1Br Circ Residences by Astrid 2103,Astrid Living,Hollywood,,1,1,,,,,,,,Property ID 22807,
1Br Circ Residences by Astrid 702,Astrid Living,Hollywood,,1,1,,,,,,,,Property ID 22806,
1Br Circ Residences by Astrid 1207,Astrid Living,Hollywood,,1,1,,,,,,,,Property ID 22805,
1Br Reveal Playa Vista,Astrid Living,Playa Vista,,1,1,,,,,,,,Property ID 22787,
1Br Reveal Playa Vista,Astrid Living,Playa Vista,,1,1,,,,,,,,Property ID 22786,
1Br Reveal Playa Vista,Astrid Living,Playa Vista,,1,1,,,,,,,,Property ID 22785,
1Br Reveal Playa Vista,Astrid Living,Playa Vista,,1,1,,,,,,,,Property ID 22784,
1Br Reveal Playa Vista,Astrid Living,Playa Vista,,1,1,,,,,,,,Property ID 22783,
1Br Reveal Playa Vista,Astrid Living,Playa Vista,,1,1,,,,,,,,Property ID 22782,
1Br Reveal Playa Vista,Astrid Living,Playa Vista,,1,1,,,,,,,,Property ID 22781,
1Br Reveal Playa Vista,Astrid Living,Playa Vista,,1,1,,,,,,,,Property ID 22780,
1Br Reveal Playa Vista,Astrid Living,Playa Vista,,1,1,,,,,,,,Property ID 22779,
1Br Reveal Playa Vista,Astrid Living,Playa Vista,,1,1,,,,,,,,Property ID 22778,
1Br Reveal Playa Vista,Astrid Living,Playa Vista,,1,1,,,,,,,,Property ID 22777,
1Br Reveal Playa Vista,Astrid Living,Playa Vista,,1,1,,,,,,,,Property ID 22776,
1Br Reveal Playa Vista,Astrid Living,Playa Vista,,1,1,,,,,,,,Property ID 22775,
1Br Reveal Playa Vista,Astrid Living,Playa Vista,,1,1,,,,,,,,Property ID 22774,
1Br Reveal Playa Vista #131,Astrid Living,Playa Vista,,1,1,,,,,,,,Property ID 22773,
1Br Reveal Playa Vista,Astrid Living,Playa Vista,,1,1,,,,,,,,Property ID 22772,
1Br Reveal Playa Vista,Astrid Living,Playa Vista,,1,1,,,,,,,,Property ID 22771,
1Br Reveal Playa Vista,Astrid Living,Playa Vista,,1,1,,,,,,,,Property ID 22770,
1Br Reveal Playa Vista #136,Astrid Living,Playa Vista,,1,1,,,,,,,,Property ID 22769,
1Br Reveal Playa Vista #232,Astrid Living,Playa Vista,,1,1,,,,,,,,Property ID 22768,
1Br Reveal Playa Vista #109,Astrid Living,Playa Vista,,1,1,,,,,,,,Property ID 22767,
1Br The Point at Wrentham #2216,Astrid Living,Wrentham,,1,1,,,,,,,,Property ID 22731,
1Br The Point at Wrentham by Astrid,Astrid Living,Wrentham,,1,1,,,,,,,,Property ID 22730,
1Br The Point at Wrentham by Astrid,Astrid Living,Wrentham,,1,1,,,,,,,,Property ID 22729,
1Br The Point at Wrentham #2219,Astrid Living,Wrentham,,1,1,,,,,,,,Property ID 22728,
1Br The Point at Wrentham 3-3103,Astrid Living,Wrentham,,1,1,,,,,,,,Property ID 22727,
1Br The Point at Wrentham 3-3119,Astrid Living,Wrentham,,1,1,,,,,,,,Property ID 22726,
1Br The Point at Wrentham 3-3403,Astrid Living,Wrentham,,1,1,,,,,,,,Property ID 22725,
2 Bedroom,Astrid Living,New York,,2,1,,,,,,,,Property ID 22722,
2 Bedroom,Astrid Living,New York,,2,1,,,,,,,,Property ID 22721,
2 Bedroom,Astrid Living,New York,,2,1,,,,,,,,Property ID 22720,
2 Bedroom,Astrid Living,New York,,2,1,,,,,,,,Property ID 22719,
2 Bedroom,Astrid Living,New York,,2,1,,,,,,,,Property ID 22718,
2 Bedroom,Astrid Living,New York,,2,1,,,,,,,,Property ID 22717,
1Br at Lake Union,Astrid Living,Seattle,,1,1,,,,,,,,Property ID 22714,
1Br at Lake Union,Astrid Living,Seattle,,1,1,,,,,,,,Property ID 22713,
1Br at Lake Union,Astrid Living,Seattle,,1,1,,,,,,,,Property ID 22712,
1Br at Lake Union #937,Astrid Living,Seattle,,1,1,,,,,,,,Property ID 22711,
1Br at Lake Union #938,Astrid Living,Seattle,,1,1,,,,,,,,Property ID 22710,
1Br One Light Luxury Apart. 2408,Astrid Living,Kansas City,,1,1,,,,,,,,Property ID 22706,
1Br One Light Luxury Apartments,Astrid Living,Kansas City,,1,1,,,,,,,,Property ID 22705,
1Br One Light Luxury Apartments,Astrid Living,Kansas City,,1,1,,,,,,,,Property ID 22704,
1Br One Light Luxury Apartments,Astrid Living,Kansas City,,1,1,,,,,,,,Property ID 22703,
1Br One Light Luxury Apartments,Astrid Living,Kansas City,,1,1,,,,,,,,Property ID 22702,
1Br One Light Luxury Apartments,Astrid Living,Kansas City,,1,1,,,,,,,,Property ID 22701,
1Br One Light Luxury Apartments,Astrid Living,Kansas City,,1,1,,,,,,,,Property ID 22700,
1Br One Light Luxury Apartments,Astrid Living,Kansas City,,1,1,,,,,,,,Property ID 22699,
1Br One Light Luxury Apart. 1804,Astrid Living,Kansas City,,1,1,,,,,,,,Property ID 22698,
1Br One Light Luxury Apart. 1407,Astrid Living,Kansas City,,1,1,,,,,,,,Property ID 22697,
1Br One Light Luxury Apart. 301,Astrid Living,Kansas City,,1,1,,,,,,,,Property ID 22696,
Two Bedroom Residence,Astrid Living,New York,,2,1,,,,,,,,Property ID 22684,
Two Bedroom Residence,Astrid Living,New York,,2,1,,,,,,,,Property ID 22683,
Two Bedroom Residence,Astrid Living,New York,,2,1,,,,,,,,Property ID 22682,
Two Bedroom Residence,Astrid Living,New York,,2,1,,,,,,,,Property ID 22681,
Two Bedroom Residence #804,Astrid Living,New York,,2,1,,,,,,,,Property ID 22680,
Two Bedroom Residence,Astrid Living,New York,,2,1,,,,,,,,Property ID 22679,
Two Bedroom Residence #1801,Astrid Living,New York,,2,2,,,,,,,,Property ID 22678,
Two Bedroom Residence,Astrid Living,New York,,2,1,,,,,,,,Property ID 22677,
Two Bedroom Residence,Astrid Living,New York,,2,1,,,,,,,,Property ID 22676,
Two Bedroom Residence,Astrid Living,New York,,2,1,,,,,,,,Property ID 22675,
1 Bedroom,Astrid Living,Atlanta,,1,1,,,,,,,,Property ID 22671,
1 Bedroom,Astrid Living,Atlanta,,1,1,,,,,,,,Property ID 22670,
1 Bedroom,Astrid Living,Atlanta,,1,1,,,,,,,,Property ID 22669,
1 Bedroom,Astrid Living,Atlanta,,1,1,,,,,,,,Property ID 22668,
1 Bedroom,Astrid Living,Atlanta,,1,1,,,,,,,,Property ID 22667,
1 Bedroom,Astrid Living,Atlanta,,1,1,,,,,,,,Property ID 22666,
1 Bedroom,Astrid Living,Atlanta,,1,1,,,,,,,,Property ID 22665,
1 Bedroom,Astrid Living,Atlanta,,1,1,,,,,,,,Property ID 22664,
1 Bedroom,Astrid Living,Atlanta,,1,1,,,,,,,,Property ID 22663,
1 Bedroom,Astrid Living,Atlanta,,1,1,,,,,,,,Property ID 22662,
1 Bedroom,Astrid Living,Atlanta,,1,1,,,,,,,,Property ID 22661,
1 Bedroom,Astrid Living,Atlanta,,1,1,,,,,,,,Property ID 22660,
1 Bedroom,Astrid Living,Atlanta,,1,1,,,,,,,,Property ID 22659,
1 Bedroom,Astrid Living,Atlanta,,1,1,,,,,,,,Property ID 22658,
1 Bedroom #756,Astrid Living,Atlanta,,1,1,,,,,,,,Property ID 22657,
1 Bedroom,Astrid Living,Atlanta,,1,1,,,,,,,,Property ID 22656,
1 Bedroom Unit 546,Astrid Living,Atlanta,,1,1,,,,,,,,Property ID 22655,
1 Bedroom Unit S125,Astrid Living,Atlanta,,1,1,,,,,,,,Property ID 22654,
1 Bedroom Deluxe Suites,Astrid Living,Toronto,,1,1,,,,,,,,Property ID 22653,
1 Bedroom Deluxe Suites,Astrid Living,Toronto,,1,1,,,,,,,,Property ID 22652,
1 Bedroom Superior Suites,Astrid Living,Toronto,,1,1,,,,,,,,Property ID 22651,
1 Bedroom Superior Suites,Astrid Living,Toronto,,1,1,,,,,,,,Property ID 22650,
1 Bedroom Superior Suites,Astrid Living,Toronto,,1,1,,,,,,,,Property ID 22649,
1 Bedroom Superior Suites,Astrid Living,Toronto,,1,1,,,,,,,,Property ID 22648,
1 Bedroom Superior Suites #1708,Astrid Living,Toronto,,1,1,,,,,,,,Property ID 22647,
2Br Clifton Residences,Astrid Living,Clifton,,2,1,,,,,,,,Property ID 22592,
2Br Clifton Residences,Astrid Living,Clifton,,2,1,,,,,,,,Property ID 22591,
2Br Clifton Residences,Astrid Living,Clifton,,2,1,,,,,,,,Property ID 22590,
2Br Clifton Residences,Astrid Living,Clifton,,2,1,,,,,,,,Property ID 22589,
2Br Clifton Residences,Astrid Living,Clifton,,2,1,,,,,,,,Property ID 22588,
2Br Clifton Residences 121,Astrid Living,Clifton,,2,2,,,,,,,,Property ID 22587,
1Br Clifton Residences,Astrid Living,Clifton,,1,1,,,,,,,,Property ID 22585,
1Br Clifton Residences,Astrid Living,Clifton,,1,1,,,,,,,,Property ID 22584,
1Br Clifton Residences,Astrid Living,Clifton,,1,1,,,,,,,,Property ID 22583,
1Br Clifton Residences #424,Astrid Living,Clifton,,1,1,,,,,,,,Property ID 22582,
1Br Clifton Residences 436,Astrid Living,Clifton,,1,1,,,,,,,,Property ID 22581,
1Br Clifton Residences 429,Astrid Living,Clifton,,1,1,,,,,,,,Property ID 22580,
1Br Clifton Residences #342,Astrid Living,Clifton,,1,1,,,,,,,,Property ID 22579,
1Br Clifton Residences #226,Astrid Living,Clifton,,1,1,,,,,,,,Property ID 22578,
1Br w/ Den East Market Residence,Astrid Living,Philadelphia,,1,1,,,,,,,,Property ID 22571,
1Br w/ Den East Market Residence,Astrid Living,Philadelphia,,1,1,,,,,,,,Property ID 22570,
1Br w/ Den East Market Residence,Astrid Living,Philadelphia,,1,1,,,,,,,,Property ID 22569,
1Br w/ Den East Market Residence,Astrid Living,Philadelphia,,1,1,,,,,,,,Property ID 22568,
1Br w/ Den East Market Residence,Astrid Living,Philadelphia,,1,1,,,,,,,,Property ID 22567,
2Br at East Market Residences,Astrid Living,Philadelphia,,2,1,,,,,,,,Property ID 22565,
2Br at East Market Residences,Astrid Living,Philadelphia,,2,1,,,,,,,,Property ID 22564,
2Br at East Market Residences,Astrid Living,Philadelphia,,2,1,,,,,,,,Property ID 22563,
2Br at East Market Residences,Astrid Living,Philadelphia,,2,1,,,,,,,,Property ID 22562,
2Br at East Market Residences,Astrid Living,Philadelphia,,2,1,,,,,,,,Property ID 22561,
1Br East Market Residence,Astrid Living,Philadelphia,,1,1,,,,,,,,Property ID 22560,
1Br East Market Residence,Astrid Living,Philadelphia,,1,1,,,,,,,,Property ID 22559,
1Br East Market Residence,Astrid Living,Philadelphia,,1,1,,,,,,,,Property ID 22558,
1Br East Market Residence,Astrid Living,Philadelphia,,1,1,,,,,,,,Property ID 22557,
1Br East Market Residence,Astrid Living,Philadelphia,,1,1,,,,,,,,Property ID 22556,
1Br East Market Residence,Astrid Living,Philadelphia,,1,1,,,,,,,,Property ID 22555,
1Br East Market Residence 502,Astrid Living,Philadelphia,,1,1,,,,,,,,Property ID 22554,
1Br East Market Residence 412,Astrid Living,Philadelphia,,1,1,,,,,,,,Property ID 22553,
1Br East Market Residence #702,Astrid Living,Philadelphia,,1,1,,,,,,,,Property ID 22552,
1Br East Market Residence #602,Astrid Living,Philadelphia,,1,1,,,,,,,,Property ID 22551,
2Br Quincy Residences,Astrid Living,San Francisco,,2,1,,,,,,,,Property ID 22180,
Studio at Fifty Sonesta,Astrid Living,New York,,1,1,,,,,,,,Property ID 21951,
Studio at Fifty Sonesta,Astrid Living,New York,,1,1,,,,,,,,Property ID 21950,
Studio at Fifty Sonesta,Astrid Living,New York,,1,1,,,,,,,,Property ID 21949,
Studio at Fifty Sonesta,Astrid Living,New York,,1,1,,,,,,,,Property ID 21948,
Studio at Fifty Sonesta,Astrid Living,New York,,1,1,,,,,,,,Property ID 21947,
Studio at Fifty Sonesta,Astrid Living,New York,,1,1,,,,,,,,Property ID 21946,
1Br Fifty Sonesta,Astrid Living,New York,,1,1,,,,,,,,Property ID 21944,
1Br Fifty Sonesta,Astrid Living,New York,,1,1,,,,,,,,Property ID 21943,
1Br Fifty Sonesta,Astrid Living,New York,,1,1,,,,,,,,Property ID 21942,
1Br Fifty Sonesta,Astrid Living,New York,,1,1,,,,,,,,Property ID 21941,
1Br Fifty Sonesta,Astrid Living,New York,,1,1,,,,,,,,Property ID 21940,
1Br Fifty Sonesta,Astrid Living,New York,,1,1,,,,,,,,Property ID 21939,
1Br Bywater Suites,Astrid Living,New Orleans,,1,1,,,,,,,,Property ID 21936,https://www.hosteeva.com/properties/available/faq?property_id=21936
1Br SF Mission Residence,Astrid Living,San Francisco,,1,1,,,,,,,,Property ID 21918,
1Br SF Mission Residence,Astrid Living,San Francisco,,1,1,,,,,,,,Property ID 21917,
1Br SF Mission Residence,Astrid Living,San Francisco,,1,1,,,,,,,,Property ID 21916,
1Br SF Mission Residence,Astrid Living,San Francisco,,1,1,,,,,,,,Property ID 21915,
1Br SF Mission Residence,Astrid Living,San Francisco,,1,1,,,,,,,,Property ID 21914,
2Br SF Mission Residence,Astrid Living,San Francisco,,2,1,,,,,,,,Property ID 21913,
2Br SF Mission Residence,Astrid Living,San Francisco,,2,1,,,,,,,,Property ID 21912,
2Br SF Mission Residence,Astrid Living,San Francisco,,2,1,,,,,,,,Property ID 21911,
2Br SF Mission Residence,Astrid Living,San Francisco,,2,1,,,,,,,,Property ID 21910,
2Br SF Mission Residence,Astrid Living,San Francisco,,2,1,,,,,,,,Property ID 21909,
Studio SF Mission Residence,Astrid Living,San Francisco,,1,1,,,,,,,,Property ID 21906,
Studio SF Mission Residence,Astrid Living,San Francisco,,1,1,,,,,,,,Property ID 21905,
Studio SF Mission Residence,Astrid Living,San Francisco,,1,1,,,,,,,,Property ID 21904,
Studio SF Mission Residence,Astrid Living,San Francisco,,1,1,,,,,,,,Property ID 21903,
Studio SF Mission Residence,Astrid Living,San Francisco,,1,1,,,,,,,,Property ID 21902,
1Br Channel Mission Bay,Astrid Living,San Francisco,,1,1,,,,,,,,Property ID 21900,
1Br Channel Mission Bay,Astrid Living,San Francisco,,1,1,,,,,,,,Property ID 21899,
1Br Channel Mission Bay,Astrid Living,San Francisco,,1,1,,,,,,,,Property ID 21898,
1Br Channel Mission Bay,Astrid Living,San Francisco,,1,1,,,,,,,,Property ID 21897,
2Br Channel Mission Bay,Astrid Living,San Francisco,,2,1,,,,,,,,Property ID 21896,
2Br Channel Mission Bay,Astrid Living,San Francisco,,2,1,,,,,,,,Property ID 21895,
2Br Channel Mission Bay,Astrid Living,San Francisco,,2,1,,,,,,,,Property ID 21894,
2Br Channel Mission Bay,Astrid Living,San Francisco,,2,1,,,,,,,,Property ID 21893,
2Br Channel Mission Bay,Astrid Living,San Francisco,,2,1,,,,,,,,Property ID 21892,
1Br Channel Mission Bay,Astrid Living,San Francisco,,1,1,,,,,,,,Property ID 21889,
1Br SOMA Residence,Astrid Living,San Francisco,,1,1,,,,,,,,Property ID 21885,
1Br SOMA Residence,Astrid Living,San Francisco,,1,1,,,,,,,,Property ID 21884,
1Br SOMA Residence,Astrid Living,San Francisco,,1,1,,,,,,,,Property ID 21883,
1Br SOMA Residence,Astrid Living,San Francisco,,1,1,,,,,,,,Property ID 21882,
2Br SOMA Residence,Astrid Living,San Francisco,,2,1,,,,,,,,Property ID 21881,
2Br SOMA Residence,Astrid Living,San Francisco,,2,1,,,,,,,,Property ID 21880,
2Br SOMA Residence,Astrid Living,San Francisco,,2,1,,,,,,,,Property ID 21879,
2Br SOMA Residence,Astrid Living,San Francisco,,2,1,,,,,,,,Property ID 21878,
2Br SOMA Residence,Astrid Living,San Francisco,,2,1,,,,,,,,Property ID 21877,
Studio SOMA Residence,Astrid Living,San Francisco,,1,1,,,,,,,,Property ID 21876,
Studio SOMA Residence,Astrid Living,San Francisco,,1,1,,,,,,,,Property ID 21875,
Studio SOMA Residence,Astrid Living,San Francisco,,1,1,,,,,,,,Property ID 21874,
Studio SOMA Residence,Astrid Living,San Francisco,,1,1,,,,,,,,Property ID 21873,
Studio SOMA Residence,Astrid Living,San Francisco,,1,1,,,,,,,,Property ID 21872,
Studio SOMA Residence,Astrid Living,San Francisco,,1,1,,,,,,,,Property ID 21871,
Studio SOMA Residence,Astrid Living,San Francisco,,1,1,,,,,,,,Property ID 21870,
Studio SOMA Residence,Astrid Living,San Francisco,,1,1,,,,,,,,Property ID 21869,
Studio SOMA Residence,Astrid Living,San Francisco,,1,1,,,,,,,,Property ID 21868,
Studio SOMA Residence,Astrid Living,San Francisco,,1,1,,,,,,,,Property ID 21867,
1Br SOMA Residence,Astrid Living,San Francisco,,1,1,,,,,,,,Property ID 21864,
1Br Spring Valley Residence,Astrid Living,Las Vegas,,1,1,,,,,,,,Property ID 21744,
1Br The Otonomus,Astrid Living,Las Vegas,,2,1,,,,,,,,Property ID 21716,
1Br The Heritage Tower,Astrid Living,Toronto,,1,1,,,,,,,,Property ID 21413,
Studio Murphy,Astrid Living,New York,,1,1,,,,,,,,Property ID 21358,
Studio Murphy,Astrid Living,New York,,1,1,,,,,,,,Property ID 21357,
Studio Murphy,Astrid Living,New York,,1,1,,,,,,,,Property ID 21356,
Studio Murphy,Astrid Living,New York,,1,1,,,,,,,,Property ID 21355,
2Br Battery Park Residence #18G,Astrid Living,New York,,2,1,,,,,,,,Property ID 21353,
2Br Battery Park Residence,Astrid Living,New York,,2,1,,,,,,,,Property ID 21352,
2Br Battery Park Residence #11M,Astrid Living,New York,,2,1,,,,,,,,Property ID 21351,
2Br Battery Park Residence #4F,Astrid Living,New York,,2,1,,,,,,,,Property ID 21350,
Studio Battery Park Residence,Astrid Living,New York,,1,1,,,,,,,,Property ID 21349,
Studio Battery Park Residence,Astrid Living,New York,,1,1,,,,,,,,Property ID 21348,
Studio Battery Park Residence,Astrid Living,New York,,1,1,,,,,,,,Property ID 21347,
Studio Battery Park Residence,Astrid Living,New York,,1,1,,,,,,,,Property ID 21346,
1Br The Marmara Residence,Astrid Living,New York,,1,1,,,,,,,,Property ID 21324,
1Br The Marmara Residence,Astrid Living,New York,,1,1,,,,,,,,Property ID 21323,
1Br The Marmara Residence #1101,Astrid Living,New York,,1,1,,,,,,,,Property ID 21322,
1Br The Marmara Residence,Astrid Living,New York,,1,1,,,,,,,,Property ID 21321,
1Br The Marmara Residence,Astrid Living,New York,,1,1,,,,,,,,Property ID 21320,
706:Deluxe Junior Suite,Astrid Living,New York,,1,1,,,,,,,,Property ID 21311,
Deluxe Junior Suite - 902,Astrid Living,New York,,1,1,,,,,,,,Property ID 21310,
Deluxe Junior Suite #1002,Astrid Living,New York,,1,1,,,,,,,,Property ID 21309,
Deluxe Junior Suite,Astrid Living,New York,,1,1,,,,,,,,Property ID 21308,
Deluxe Junior Suite,Astrid Living,New York,,1,1,,,,,,,,Property ID 21307,
2Br Lower East Side Residence,Astrid Living,New York City,,2,1,,,,,,,,Property ID 21221,
1Br Lower East Side Residences,Astrid Living,New York City,,1,1,,,,,,,,Property ID 21219,
1Br Rusk House Residences,Astrid Living,Houston,,1,1,,,,,,,,Property ID 21212,
Premium 1Br The Marmara Residence,Astrid Living,New York,,1,1,,,,,,,,Property ID 21184,
1101,Astrid Living,New York,,1,1,,,,,,,,Property ID 21183,
Premium 1Br The Marmara Residence,Astrid Living,New York,,1,1,,,,,,,,Property ID 21182,
1005,Astrid Living,New York,,1,1,,,,,,,,Property ID 21181,
1Br Las Colinas Residences,Astrid Living,Irving,,1,1,,,,,,,,Property ID 21146,
Studio at Lake Union,Astrid Living,Seattle,,1,1,,,,,,,,Property ID 20967,
2Br at Lake Union,Astrid Living,Seattle,,2,1,,,,,,,,Property ID 20965,
1Br at Lake Union #940,Astrid Living,Seattle,,1,1,,,,,,,,Property ID 20963,
Studio at Midtown ATL Suites,Astrid Living,Atlanta,,1,1,,,,,,,,Property ID 20933,
Studio at Polanco Executive Suites,Astrid Living,Ciudad de México,,1,1,,,,,,,,Property ID 20931,
2Br at Polanco Executive Suites,Astrid Living,Ciudad de México,,2,1,,,,,,,,Property ID 20929,
Studio at East Market,Astrid Living,Philadelphia,,1,1,,,,,,,,Property ID 20927,
2Br at East Market Residences,Astrid Living,Philadelphia,,2,1,,,,,,,,Property ID 20925,
Studio at First Hill Residence,Astrid Living,Seattle,,1,1,,,,,,,,Property ID 20923,
2Br at First Hill Residence,Astrid Living,Seattle,,2,1,,,,,,,,Property ID 20921,
Studio at Ariosto Suites,Astrid Living,Ciudad de México,,1,1,,,,,,,,Property ID 20919,
2Br at Ariosto Suites,Astrid Living,Ciudad de México,,2,1,,,,,,,,Property ID 20917,
Studio at Terranova Heights,Astrid Living,Guadalajara,,1,1,,,,,,,,Property ID 20915,
2Br at Terranova Heights,Astrid Living,Guadalajara,,2,1,,,,,,,,Property ID 20913,
1 Br at Terranova Heights,Astrid Living,Guadalajara,,1,1,,,,,,,,Property ID 20911,
Studio in Yaletown Residence,Astrid Living,Vancouver,,1,1,,,,,,,,Property ID 20910,
2Br Yaletown Residence,Astrid Living,Vancouver,,2,1,,,,,,,,Property ID 20907,
2Br Spring Core Residences,Astrid Living,Los Angeles,,2,1,,,,,,,,Property ID 20906,
Studio Residence,Astrid Living,Miami,,1,1,,,,,,,,Property ID 20903,
2Br Midtown Residences PHL,Astrid Living,Philadelphia,,2,1,,,,,,,,Property ID 20902,
Studio Midtown Residences PHL,Astrid Living,Philadelphia,,1,1,,,,,,,,Property ID 20901,
2 Bedroom Residence,Astrid Living,Miami,,2,1,,,,,,,,Property ID 20900,
2 Bedroom Residence,Astrid Living,Miami,,2,1,,,,,,,,Property ID 20896,
1 Bedroom Residence #1818,Astrid Living,Miami,,1,1,,,,,,,,Property ID 20894,
2 Bedroom,Astrid Living,Coral Gables,,2,1,,,,,,,,Property ID 20869,
1Br Aragon Residence,Astrid Living,Coral Gables,,1,1,,,,,,,,Property ID 20867,
1Br Midtown Residences PHL,Astrid Living,Philadelphia,,1,1,,,,,,,,Property ID 20866,
1Br East Market Residence #402,Astrid Living,Philadelphia,,1,1,,,,,,,,Property ID 20863,
1Br First Hill Residence #1712,Astrid Living,Seattle,,1,1,,,,,,,,Property ID 20857,
1Br Spring Core Residences,Astrid Living,Los Angeles,,1,1,,,,,,,,Property ID 20854,
Yaletown Residence,Astrid Living,Vancouver,,1,1,,,,,,,,Property ID 20851,
Polanco Executive Suites,Astrid Living,Ciudad de México,,1,1,,,,,,,,Property ID 20847,
1Br Ariosto Suites,Astrid Living,Ciudad de México,,1,1,,,,,,,,Property ID 20843,
1Br Historic Core Lofts,Astrid Living,Los Angeles,,1,1,,,,,,,,Property ID 20835,
Studio Skyline Residences,Astrid Living,San Jose,,1,1,,,,,,,,Property ID 20814,
Studio Skyline Residences,Astrid Living,San Jose,,1,1,,,,,,,,Property ID 20813,
Studio Skyline Residences,Astrid Living,San Jose,,1,1,,,,,,,,Property ID 20812,
Studio Skyline Residences,Astrid Living,San Jose,,1,1,,,,,,,,Property ID 20811,
Studio Skyline Residences,Astrid Living,San Jose,,1,1,,,,,,,,Property ID 20810,
Studio Skyline Residences,Astrid Living,San Jose,,1,1,,,,,,,,Property ID 20809,
Studio Skyline Residences,Astrid Living,San Jose,,1,1,,,,,,,,Property ID 20808,
Studio: W605,Astrid Living,San Jose,,1,1,,,,,,,,Property ID 20807,
Studio: W704,Astrid Living,San Jose,,1,1,,,,,,,,Property ID 20806,
Studio: W705,Astrid Living,San Jose,,1,1,,,,,,,,Property ID 20805,
2BR Skyline Residences,Astrid Living,San Jose,,2,1,,,,,,,,Property ID 20803,
2BR Skyline Residences,Astrid Living,San Jose,,2,1,,,,,,,,Property ID 20802,
2BR Skyline Residences,Astrid Living,San Jose,,2,1,,,,,,,,Property ID 20801,
2BR Skyline Residences,Astrid Living,San Jose,,2,1,,,,,,,,Property ID 20800,
2BR Skyline Residences,Astrid Living,San Jose,,2,1,,,,,,,,Property ID 20799,
2BR Skyline Residences,Astrid Living,San Jose,,2,1,,,,,,,,Property ID 20798,
2BR: W702,Astrid Living,San Jose,,2,1,,,,,,,,Property ID 20797,
2BR: W714,Astrid Living,San Jose,,2,1,,,,,,,,Property ID 20796,
2BR: E902,Astrid Living,San Jose,,2,1,,,,,,,,Property ID 20795,
2BR: W2313,Astrid Living,San Jose,,2,1,,,,,,,,Property ID 20794,
2BR: W1813,Astrid Living,San Jose,,2,1,,,,,,,,Property ID 20793,
2BR: E1307,Astrid Living,San Jose,,2,1,,,,,,,,Property ID 20792,
2BR: W602,Astrid Living,San Jose,,2,1,,,,,,,,Property ID 20791,
2BR: W713,Astrid Living,San Jose,,2,1,,,,,,,,Property ID 20790,
2BR: W2407,Astrid Living,San Jose,,2,1,,,,,,,,Property ID 20789,
1BR Skyline Residences,Astrid Living,San Jose,,1,1,,,,,,,,Property ID 20787,
1BR Skyline Residences,Astrid Living,San Jose,,1,1,,,,,,,,Property ID 20786,
1BR Skyline Residences,Astrid Living,San Jose,,1,1,,,,,,,,Property ID 20785,
1BR Skyline Residences,Astrid Living,San Jose,,1,1,,,,,,,,Property ID 20784,
1BR: W609,Astrid Living,San Jose,,1,1,,,,,,,,Property ID 20783,
1BR: W712,Astrid Living,San Jose,,1,1,,,,,,,,Property ID 20782,
1BR: W710,Astrid Living,San Jose,,1,1,,,,,,,,Property ID 20781,
1BR: W703,Astrid Living,San Jose,,1,1,,,,,,,,Property ID 20780,
1BR:W707,Astrid Living,San Jose,,1,1,,,,,,,,Property ID 20779,
1BR: W601,Astrid Living,San Jose,,1,1,,,,,,,,Property ID 20778,
1BR: W608,Astrid Living,San Jose,,1,1,,,,,,,,Property ID 20777,
1BR: W709,Astrid Living,San Jose,,1,1,,,,,,,,Property ID 20776,
1BR: W708,Astrid Living,San Jose,,1,1,,,,,,,,Property ID 20775,
1BR: W701,Astrid Living,San Jose,,1,1,,,,,,,,Property ID 20774,
1BR: W706,Astrid Living,San Jose,,1,1,,,,,,,,Property ID 20773,
1Br Broadway Residence,Astrid Living,New York,,1,1,,,,,,,,Property ID 20715,
1 Bedroom,Astrid Living,New York,,1,1,,,,,,,,Property ID 20639,
1 Bedroom,Astrid Living,New York,,1,1,,,,,,,,Property ID 20638,
1 Bedroom,Astrid Living,New York,,1,1,,,,,,,,Property ID 20637,
1 Bedroom,Astrid Living,New York,,1,1,,,,,,,,Property ID 20636,
1 Bedroom,Astrid Living,New York,,1,1,,,,,,,,Property ID 20635,
1Br Union Residences,Astrid Living,Union,,1,1,,,,,,,,Property ID 20613,
Wall Street Residences 4 Bedroom,Astrid Living,New York,,1,1,,,,,,,,Property ID 20361,
Wall Street Residences 4 Bedroom,Astrid Living,New York,,1,1,,,,,,,,Property ID 20360,
Wall Street Residences 4 Bedroom,Astrid Living,New York,,1,1,,,,,,,,Property ID 20359,
Wall Street Residences 4 Bedroom,Astrid Living,New York,,1,1,,,,,,,,Property ID 20358,
1Br Liberty House,Astrid Living,Dubai,,1,1,,,,,,,,Property ID 20338,
2BR Index Tower,Astrid Living,Dubai,,2,1,,,,,,,,Property ID 20335,
2BR Index Tower,Astrid Living,Dubai,,2,1,,,,,,,,Property ID 20334,
1BR Index Tower,Astrid Living,Dubai,,1,1,,,,,,,,Property ID 20332,
1BR Index Tower,Astrid Living,Dubai,,1,1,,,,,,,,Property ID 20331,
1BR Index Tower,Astrid Living,Dubai,,1,1,,,,,,,,Property ID 20330,
1BR Index Tower,Astrid Living,Dubai,,1,1,,,,,,,,Property ID 20329,
1Br Rose Executive Tower,Astrid Living,Dubai,,1,1,,,,,,,,Property ID 20292,
1Br Sloan Chelsea,Astrid Living,New York City,,1,1,,,,,,,,Property ID 20243,
1BR Buckhead Residences,Astrid Living,Atlanta,,1,1,,,,,,,,Property ID 20239,
1BR Buckhead Residences,Astrid Living,Atlanta,,1,1,,,,,,,,Property ID 20238,
1BR Buckhead Residences,Astrid Living,Atlanta,,1,1,,,,,,,,Property ID 20237,
1BR Buckhead Residences,Astrid Living,Atlanta,,1,1,,,,,,,,Property ID 20236,
3BR Buckingham Residence,Astrid Living,Santa Clara,,3,1,,,,,,,,Property ID 20209,
3BR Buckingham Residence,Astrid Living,Santa Clara,,3,1,,,,,,,,Property ID 20208,
3BR Buckingham Residence,Astrid Living,Santa Clara,,3,1,,,,,,,,Property ID 20207,
3BR Buckingham Residence,Astrid Living,Santa Clara,,3,1,,,,,,,,Property ID 20206,
2BR The Meridian SF,Astrid Living,San Francisco,,2,1,,,,,,,,Property ID 20203,
2BR The Meridian SF,Astrid Living,San Francisco,,2,1,,,,,,,,Property ID 20202,
2BR The Meridian SF,Astrid Living,San Francisco,,2,1,,,,,,,,Property ID 20201,
2BR The Meridian SF,Astrid Living,San Francisco,,2,1,,,,,,,,Property ID 20200,
2BR The Meridian SF,Astrid Living,San Francisco,,2,1,,,,,,,,Property ID 20199,
2BR The Meridian SF,Astrid Living,San Francisco,,2,1,,,,,,,,Property ID 20198,
4Br 4Bedroom Home West Central,Astrid Living,Santa Clara,,4,1,,,,,,,,Property ID 20193,
3BR Carlyle Residence,Astrid Living,Santa Clara,,3,1,,,,,,,,Property ID 20190,
3Br AVANA Residence/524,Astrid Living,Sunnyvale,,3,2,,,,,,,,Property ID 20187,
3Br AVANA Residence,Astrid Living,Sunnyvale,,3,1,,,,,,,,Property ID 20186,
3Br AVANA Residence/628,Astrid Living,Sunnyvale,,3,2,,,,,,,,Property ID 20185,
3Br AVANA Residence,Astrid Living,Sunnyvale,,3,1,,,,,,,,Property ID 20184,
2Br AVANA Residence,Astrid Living,Sunnyvale,,2,1,,,,,,,,Property ID 20182,
2Br AVANA Residence,Astrid Living,Sunnyvale,,2,1,,,,,,,,Property ID 20181,
2Br AVANA Residence,Astrid Living,Sunnyvale,,2,1,,,,,,,,Property ID 20180,
2Br AVANA Residence,Astrid Living,Sunnyvale,,2,2,,,,,,,,Property ID 20179,
2Br Santana Heights Residences,Astrid Living,San Jose,,2,2,,,,,,,,Property ID 20177,
2Br Santana Heights Residences,Astrid Living,San Jose,,2,2,,,,,,,,Property ID 20176,
2Br Santana Heights Residences,Astrid Living,San Jose,,2,1,,,,,,,,Property ID 20175,
2Br Santana Heights Residences,Astrid Living,San Jose,,2,2,,,,,,,,Property ID 20174,
2Br Santana Heights Residences,Astrid Living,San Jose,,2,2,,,,,,,,Property ID 20173,
2Br Santana Heights Residences,Astrid Living,San Jose,,2,2,,,,,,,,Property ID 20172,
2Br Rosemont Executive Suites,Astrid Living,Toronto,,2,1,,,,,,,,Property ID 20158,
Apartment 1917,Astrid Living,Toronto,,2,1,,,,,,,,Property ID 20157,
1Br Rosemont Executive Suites 1813,Astrid Living,Toronto,,1,1,,,,,,,,Property ID 20155,
1Br Rosemont Executive Suites 1715,Astrid Living,Toronto,,1,1,,,,,,,,Property ID 20154,
1Br Rosemont Executive Suites 1012,Astrid Living,Toronto,,1,1,,,,,,,,Property ID 20153,
1Br AVANA Residence,Astrid Living,Sunnyvale,,1,1,,,,,,,,Property ID 20126,
Studio - Premium Junior Suite,Astrid Living,New York,,1,1,,,,,,,,Property ID 20096,
Studio - Premium Junior Suite,Astrid Living,New York,,1,1,,,,,,,,Property ID 20095,
Studio - Premium Junior Suite,Astrid Living,New York,,1,1,,,,,,,,Property ID 20094,
Studio - Premium Junior Suite,Astrid Living,New York,,1,1,,,,,,,,Property ID 20093,
1Br Peninsula Heights at Mountain V,Astrid Living,Mountain View,,1,1,,,,,,,,Property ID 20082,
2BR Al Naseem Tower,Astrid Living,"Yas Island, Abu Dhabi",,2,1,,,,,,,,Property ID 20079,
1BR Al Naseem Tower,Astrid Living,"Yas Island, Abu Dhabi",,1,1,,,,,,,,Property ID 20077,
1Br El Camino Royal Suites,Astrid Living,Santa Clara,,1,1,,,,,,,,Property ID 20074,
1Br Santana Heights Residences,Astrid Living,San Jose,,1,1,,,,,,,,Property ID 19993,
1Br Silicon Sanctuary #732,Astrid Living,Santa Clara,,1,1,,,,,,,,Property ID 19986,
1Br Silicon Sanctuary#520,Astrid Living,Santa Clara,,1,1,,,,,,,,Property ID 19985,
1Br Silicon Sanctuary,Astrid Living,Santa Clara,,1,1,,,,,,,,Property ID 19984,
1Br Silicon Sanctuary #532,Astrid Living,Santa Clara,,1,1,,,,,,,,Property ID 19983,
1Br Silicon Sanctuary #458,Astrid Living,Santa Clara,,1,1,,,,,,,,Property ID 19982,
1Br Silicon Sanctuary,Astrid Living,Santa Clara,,1,1,,,,,,,,Property ID 19981,
1Br Rivermark Residences,Astrid Living,Santa Clara,,1,1,,,,,,,,Property ID 19976,
1Br Rivermark Residences,Astrid Living,Santa Clara,,1,1,,,,,,,,Property ID 19975,
1Br Rivermark Residences,Astrid Living,Santa Clara,,1,1,,,,,,,,Property ID 19974,
1Br Rivermark Residences,Astrid Living,Santa Clara,,1,1,,,,,,,,Property ID 19973,
1Br Rivermark Residences,Astrid Living,Santa Clara,,1,1,,,,,,,,Property ID 19972,
1Br Rivermark Residences,Astrid Living,Santa Clara,,1,1,,,,,,,,Property ID 19971,
1Br Chelsea Residence,Astrid Living,New York,,1,1,,,,,,,,Property ID 19923,
1Br Chelsea Residence,Astrid Living,New York,,1,1,,,,,,,,Property ID 19922,
1Br Chelsea Residence,Astrid Living,New York,,1,1,,,,,,,,Property ID 19921,
1Br Chelsea Residence,Astrid Living,New York,,1,1,,,,,,,,Property ID 19920,
1Br Chelsea Residence,Astrid Living,New York,,1,1,,,,,,,,Property ID 19919,
Reem Island 1 BD,Astrid Living,Abu Dhabi,,1,1.5,,,,,,,,Property ID 19911,
Reem Island 1 BD,Astrid Living,Abu Dhabi,,1,1,,,,,,,,Property ID 19909,
3 bedrooms,Astrid Living,Hollywood,,3,2,,,,,,,,Property ID 19725,
3 bedrooms,Astrid Living,Hollywood,,3,1,,,,,,,,Property ID 19724,
3 bedrooms,Astrid Living,Hollywood,,3,1,,,,,,,,Property ID 19723,
1Br Lafayette Stays,Astrid Living,Santa Clara,,1,1,,,,,,,,Property ID 19711,
1Br Glen Iris Residences,Astrid Living,Atlanta,,1,1,,,,,,,,Property ID 19694,
1Br SKYHOUSE BUCKHEAD,Astrid Living,Atlanta,,1,1,,,,,,,,Property ID 19688,
2 Bedrooms,Astrid Living,Hollywood,,2,1,,,,,,,,Property ID 19667,
2 Bedrooms,Astrid Living,Hollywood,,2,1,,,,,,,,Property ID 19666,
1 Bedroom,Astrid Living,Fort Lauderdale,,1,1,,,,,,,,Property ID 19664,
1 Bedroom,Astrid Living,Fort Lauderdale,,1,1,,,,,,,,Property ID 19663,
2 Bedrooms,Astrid Living,Fort Lauderdale,,1,1,,,,,,,,Property ID 19662,
2 Bedrooms,Astrid Living,Fort Lauderdale,,1,1,,,,,,,,Property ID 19661,
1Br The Edge at Flagler Village,Astrid Living,Fort Lauderdale,,1,1,,,,,,,,Property ID 19654,
1 Bedroom,Astrid Living,New York,,1,1,,,,,,,,Property ID 19541,
1 Bedroom,Astrid Living,New York,,1,1,,,,,,,,Property ID 19540,
1 Bedroom,Astrid Living,New York,,1,1,,,,,,,,Property ID 19539,
1 Bedroom,Astrid Living,New York,,1,1,,,,,,,,Property ID 19538,
1 Bedroom,Astrid Living,New York,,1,1,,,,,,,,Property ID 19537,
1 Bedroom,Astrid Living,New York,,1,1,,,,,,,,Property ID 19536,
1 Bedroom,Astrid Living,New York,,1,1,,,,,,,,Property ID 19535,
2 Bedroom,Astrid Living,New York,,2,1,,,,,,,,Property ID 19018,
2 Bedroom,Astrid Living,New York,,2,1,,,,,,,,Property ID 19017,
2 Bedroom,Astrid Living,New York,,2,1.5,,,,,,,,Property ID 19016,
1Br 555 Ten Residence,Astrid Living,New York,,1,1,,,,,,,,Property ID 18868,
1Br The Marmara Residence,Astrid Living,New York,,1,1,,,,,,,,Property ID 18865,
1Br The Olivia,Astrid Living,New York,,1,1,,,,,,,,Property ID 18838,
1Br First 685 Residence,Astrid Living,New York,,1,1,,,,,,,,Property ID 18832,
2Br Bellrock Residence,Astrid Living,Houston,,2,1,,,,,,,,Property ID 18823,
2Br Bellrock Residence,Astrid Living,Houston,,2,1,,,,,,,,Property ID 18822,
2Br Bellrock Residence,Astrid Living,Houston,,2,1,,,,,,,,Property ID 18821,
2Br Bellrock Residence,Astrid Living,Houston,,2,1,,,,,,,,Property ID 18820,
1Br Bellrock Residence,Astrid Living,Houston,,1,1,,,,,,,,Property ID 18818,
1Br Bellrock Residence,Astrid Living,Houston,,1,1,,,,,,,,Property ID 18817,
1Br Bellrock Residence,Astrid Living,Houston,,1,1,,,,,,,,Property ID 18816,
1Br Bellrock Residence,Astrid Living,Houston,,1,1,,,,,,,,Property ID 18815,
2Br Broadstone Residence,Astrid Living,Houston,,2,1,,,,,,,,Property ID 18810,
2Br Broadstone Residence,Astrid Living,Houston,,2,1,,,,,,,,Property ID 18809,
2Br Broadstone Residence,Astrid Living,Houston,,2,1,,,,,,,,Property ID 18808,
2Br Broadstone Residence,Astrid Living,Houston,,2,1,,,,,,,,Property ID 18807,
1BR Broadstone Residence,Astrid Living,Houston,,1,1,,,,,,,,Property ID 18805,
1BR Broadstone Residence,Astrid Living,Houston,,1,1,,,,,,,,Property ID 18804,
1BR Broadstone Residence,Astrid Living,Houston,,1,1,,,,,,,,Property ID 18803,
1BR Broadstone Residence,Astrid Living,Houston,,1,1,,,,,,,,Property ID 18802,
CityCentre 2 Bedroom,Astrid Living,Houston,,2,1,,,,,,,,Property ID 18793,
CityCentre 2 Bedroom,Astrid Living,Houston,,2,1,,,,,,,,Property ID 18792,
CityCentre 2 Bedroom,Astrid Living,Houston,,2,1,,,,,,,,Property ID 18791,
CityCentre 2 Bedroom,Astrid Living,Houston,,2,1,,,,,,,,Property ID 18790,
CityCentre 1 Bedroom,Astrid Living,Houston,,1,1,,,,,,,,Property ID 18788,
CityCentre 1 Bedroom,Astrid Living,Houston,,1,1,,,,,,,,Property ID 18787,
CityCentre 1 Bedroom,Astrid Living,Houston,,1,1,,,,,,,,Property ID 18786,
CityCentre 1 Bedroom,Astrid Living,Houston,,1,1,,,,,,,,Property ID 18785,
1 Bedroom L,Astrid Living,New York,,1,1,,,,,,,,Property ID 18389,
1 Bedroom L,Astrid Living,New York,,1,1,,,,,,,,Property ID 18388,
1 Bedroom L,Astrid Living,New York,,1,1,,,,,,,,Property ID 18387,
1 Bedroom L,Astrid Living,New York,,1,1,,,,,,,,Property ID 18386,
1 Bedroom,Astrid Living,New York,,1,1,,,,,,,,Property ID 18384,
1 Bedroom,Astrid Living,New York,,1,1,,,,,,,,Property ID 18383,
1 Bedroom,Astrid Living,New York,,1,1,,,,,,,,Property ID 18382,
1 Bedroom,Astrid Living,New York,,1,1,,,,,,,,Property ID 18381,
1BR Riverside Suites,Astrid Living,New York,,1,1,,,,,,,,Property ID 18327,
1BR Riverside Suites,Astrid Living,New York,,1,1,,,,,,,,Property ID 18326,
3BR The View Residence,Astrid Living,New York,,3,1,,,,,,,,Property ID 18256,
3BR The View Residence,Astrid Living,New York,,3,1,,,,,,,,Property ID 18255,
3BR The View Residence,Astrid Living,New York,,3,1,,,,,,,,Property ID 18254,
3BR The View Residence,Astrid Living,New York,,3,1,,,,,,,,Property ID 18253,
1Br Aalto 57 Suites,Astrid Living,New York,,1,1,,,,,,,,Property ID 18251,
1Br Aalto 57 Suites,Astrid Living,New York,,1,1,,,,,,,,Property ID 18250,
1Br Aalto 57 Suites,Astrid Living,New York,,1,1,,,,,,,,Property ID 18249,
1Br Aalto 57 Suites,Astrid Living,New York,,1,1,,,,,,,,Property ID 18248,
1 Bedroom,Astrid Living,New York,,1,1,,,,,,,,Property ID 18058,
1 Bedroom,Astrid Living,New York,,1,1,,,,,,,,Property ID 18057,
1 Bedroom,Astrid Living,New York,,1,1,,,,,,,,Property ID 18056,
1 Bedroom:1205,Astrid Living,New York,,1,1,,,,,,,,Property ID 18055,
Oriana 2 BR,Astrid Living,New York,,2,1,,,,,,,,Property ID 18051,
Oriana 2 BR,Astrid Living,New York,,2,1,,,,,,,,Property ID 18050,
Oriana 2 BR,Astrid Living,New York,,2,1,,,,,,,,Property ID 18049,
Oriana 2 BR,Astrid Living,New York,,2,1,,,,,,,,Property ID 18048,
1Br 57 Via Residence,Astrid Living,New York,,1,1,,,,,,,,Property ID 18039,
1Br Irvine Residences,Astrid Living,Irvine,,1,1,,,,,,,,Property ID 18026,
1Br Oriana NY,Astrid Living,New York,,1,1,,,,,,,,Property ID 17935,
Midtown South Residences Studio,Astrid Living,New York,,1,1,,,,,,,,Property ID 17873,
Midtown South Residences Studio,Astrid Living,New York,,1,1,,,,,,,,Property ID 17872,
Midtown South Residences Studio,Astrid Living,New York,,1,1,,,,,,,,Property ID 17871,
Midtown South Residences Studio,Astrid Living,New York,,1,1,,,,,,,,Property ID 17870,
Midtown South Residences Studio,Astrid Living,New York,,1,1,,,,,,,,Property ID 17869,
Midtown South Residences Studio,Astrid Living,New York,,1,1,,,,,,,,Property ID 17868,
Midtown South Residences Studio,Astrid Living,New York,,1,1,,,,,,,,Property ID 17867,
Midtown South Residences Studio,Astrid Living,New York,,1,1,,,,,,,,Property ID 17866,
Midtown South Residences Studio,Astrid Living,New York,,1,1,,,,,,,,Property ID 17865,
Midtown South Residences Studio,Astrid Living,New York,,1,1,,,,,,,,Property ID 17864,
Midtown South Residences Studio,Astrid Living,New York,,1,1,,,,,,,,Property ID 17863,
The Centria Studio,Astrid Living,New York,,1,1,,,,,,,,Property ID 17806,
The Centria Studio,Astrid Living,New York,,1,1,,,,,,,,Property ID 17805,
1Br The Centria,Astrid Living,New York,,1,1,,,,,,,,Property ID 17803,
1Br The Centria,Astrid Living,New York,,1,1,,,,,,,,Property ID 17802,
Studio,Astrid Living,New York,,1,1,,,,,,,,Property ID 17801,
Studio,Astrid Living,New York,,1,1,,,,,,,,Property ID 17800,
Studio,Astrid Living,New York,,1,1,,,,,,,,Property ID 17799,
Studio,Astrid Living,New York,,1,1,,,,,,,,Property ID 17798,
2Br The Rugby Residence,Astrid Living,Bethesda,,2,1,,,,,,,,Property ID 17707,
1Br Kimberly Suites Midtown,Astrid Living,New York,,1,1,,,,,,,,Property ID 17682,
Studio Plus,Astrid Living,New York,,1,1,,,,,,,,Property ID 17429,
Studio Plus,Astrid Living,New York,,1,1,,,,,,,,Property ID 17428,
Studio Plus,Astrid Living,New York,,1,1,,,,,,,,Property ID 17427,
Studio Plus,Astrid Living,New York,,1,1,,,,,,,,Property ID 17426,
1Br BayTowne Village,Astrid Living,Miramar Beach,,1,1,,,,,,,,Property ID 17407,
1Br BayTowne Village,Astrid Living,Miramar Beach,,1,1,,,,,,,,Property ID 17406,
1Br BayTowne Village,Astrid Living,Miramar Beach,,1,1,,,,,,,,Property ID 17405,
1Br BayTowne Village,Astrid Living,Miramar Beach,,1,1,,,,,,,,Property ID 17404,
1Br BayTowne Village,Astrid Living,Miramar Beach,,1,1,,,,,,,,Property ID 17403,
1Br Discovery Bay Residence,Astrid Living,Honolulu,,1,1,,,,,,,,Property ID 17340,
1Br Kalia Residence,Astrid Living,Honolulu,,1,1,,,,,,,,Property ID 17334,
1Br The Upton Suites,Astrid Living,Washington,,1,1,,,,,,,,Property ID 17327,
1Br Kalorama Residences,Astrid Living,Washington,,1,1,,,,,,,,Property ID 17323,
1Br Gramercy Residence,Astrid Living,Arlington,,1,1,,,,,,,,Property ID 17320,
1Br Concord Residences,Astrid Living,Arlington,,1,1,,,,,,,,Property ID 17317,
2 Bedroom,Astrid Living,New Orleans,,2,1,,,,,,,,Property ID 17261,https://www.hosteeva.com/properties/available/faq?property_id=17261
2 Bedroom,Astrid Living,New Orleans,,2,1,,,,,,,,Property ID 17260,https://www.hosteeva.com/properties/available/faq?property_id=17260
2 Bedroom,Astrid Living,New Orleans,,2,1,,,,,,,,Property ID 17259,https://www.hosteeva.com/properties/available/faq?property_id=17259
2 Bedroom,Astrid Living,New Orleans,,2,1,,,,,,,,Property ID 17258,https://www.hosteeva.com/properties/available/faq?property_id=17258
2 Bedroom,Astrid Living,New Orleans,,2,1,,,,,,,,Property ID 17257,https://www.hosteeva.com/properties/available/faq?property_id=17257
2 Bedroom,Astrid Living,New Orleans,,2,1,,,,,,,,Property ID 17256,https://www.hosteeva.com/properties/available/faq?property_id=17256
2 Bedroom,Astrid Living,New Orleans,,2,1,,,,,,,,Property ID 17255,https://www.hosteeva.com/properties/available/faq?property_id=17255
2 Bedroom,Astrid Living,New Orleans,,2,1,,,,,,,,Property ID 17254,https://www.hosteeva.com/properties/available/faq?property_id=17254
2 Bedroom,Astrid Living,New Orleans,,2,1,,,,,,,,Property ID 17253,https://www.hosteeva.com/properties/available/faq?property_id=17253
2 Bedroom,Astrid Living,New Orleans,,2,1,,,,,,,,Property ID 17252,https://www.hosteeva.com/properties/available/faq?property_id=17252
1 Bedroom,Astrid Living,New Orleans,,1,1,,,,,,,,Property ID 17250,https://www.hosteeva.com/properties/available/faq?property_id=17250
1 Bedroom,Astrid Living,New Orleans,,1,1,,,,,,,,Property ID 17249,https://www.hosteeva.com/properties/available/faq?property_id=17249
1 Bedroom,Astrid Living,New Orleans,,1,1,,,,,,,,Property ID 17248,https://www.hosteeva.com/properties/available/faq?property_id=17248
1 Bedroom,Astrid Living,New Orleans,,1,1,,,,,,,,Property ID 17247,https://www.hosteeva.com/properties/available/faq?property_id=17247
Studio,Astrid Living,New Orleans,,1,1,,,,,,,,Property ID 17245,https://www.hosteeva.com/properties/available/faq?property_id=17245
Studio,Astrid Living,New Orleans,,1,1,,,,,,,,Property ID 17244,https://www.hosteeva.com/properties/available/faq?property_id=17244
Studio,Astrid Living,New York,,1,1,,,,,,,,Property ID 17227,
Studio,Astrid Living,New York,,1,1,,,,,,,,Property ID 17226,
Studio,Astrid Living,New York,,1,1,,,,,,,,Property ID 17225,
Studio,Astrid Living,New York,,1,1,,,,,,,,Property ID 17224,
1Br The Centria,Astrid Living,New York,,1,1,,,,,,,,Property ID 17215,
1Br Common Residence,Astrid Living,New Orleans,,1,1,,,,,,,,Property ID 17128,https://www.hosteeva.com/properties/available/faq?property_id=17128
Studio,Astrid Living,New York,,1,1,,,,,,,,Property ID 17102,
Studio,Astrid Living,New York,,1,1,,,,,,,,Property ID 17101,
Studio,Astrid Living,New York,,1,1,,,,,,,,Property ID 17100,
Studio,Astrid Living,New York,,1,1,,,,,,,,Property ID 17099,
1Br The View Residence,Astrid Living,New York,,1,1,,,,,,,,Property ID 17088,
1Br East Financial Residence,Astrid Living,New York,,1,1,,,,,,,,Property ID 17085,
1 Bedroom,Astrid Living,New York,,1,1,,,,,,,,Property ID 17034,
1 Bedroom,Astrid Living,New York,,1,1,,,,,,,,Property ID 17033,
1Br AVA GC Residence,Astrid Living,Garden City,,1,1,,,,,,,,Property ID 16990,
1Br The Seventy Residence,Astrid Living,Hoboken,,1,1,,,,,,,,Property ID 16985,
"1Br AVA Boca Raton,",Astrid Living,Boca Raton,,1,1,,,,,,,,Property ID 16951,
1Br Marc Residence,Astrid Living,New York,,1,1,,,,,,,,Property ID 16936,
1Br Park at Murray Hill,Astrid Living,New York,,1,1,,,,,,,,Property ID 16928,
1Br Christopher Residence,Astrid Living,New York,,1,1,,,,,,,,Property ID 16924,
Peters Condo by AstridLiving,Astrid Living,New Orleans,,1,1,,,,,,,,Property ID 16763,https://www.hosteeva.com/properties/available/faq?property_id=16763
1Br South TownSquare Residence,Astrid Living,Miami,,1,1,,,,,,,,Property ID 16739,
1Br Wellington Residence Resort,Astrid Living,Wellington,,1,1,,,,,,,,Property ID 16735,
1Br Riverbridge Residences,Astrid Living,West Palm Beach,,1,1,,,,,,,,Property ID 16665,
1Br JC Washington Residence,Astrid Living,Jersey City,,1,1,,,,,,,,Property ID 16650,
1Br JC Washington Residence,Astrid Living,Jersey City,,1,1,,,,,,,,Property ID 16649,
1Br JC Washington Residence,Astrid Living,Jersey City,,1,1,,,,,,,,Property ID 16648,
1Br JC Washington Residence,Astrid Living,Jersey City,,1,1,,,,,,,,Property ID 16647,
1Br William One Residence,Astrid Living,Englewood,,1,1,,,,,,,,Property ID 16621,
1Br Crystal City Apartments,Astrid Living,Arlington,,1,1,,,,,,,,Property ID 16613,
1bd at Luxury Residence at Sky,Astrid Living,New York,,1,1,,,,,,,,Property ID 16533,
1bd at Luxury Residence at Sky,Astrid Living,New York,,1,1,,,,,,,,Property ID 16532,
1bd at Luxury Residence at Sky,Astrid Living,New York,,1,1,,,,,,,,Property ID 16531,
1bd at Luxury Residence at Sky,Astrid Living,New York,,1,1,,,,,,,,Property ID 16530,
1Br JC Washington Residence,Astrid Living,Jersey City,,1,1,,,,,,,,Property ID 16522,
1 Bedroom:1810,Astrid Living,New York,,1,1,,,,,,,,Property ID 16476,
1 Bedroom:1517,Astrid Living,New York,,1,1,,,,,,,,Property ID 16475,
2Br Park Vista Residence,Astrid Living,Fort Worth,,2,1,,,,,,,,Property ID 16465,
Waterford Residence,Astrid Living,Keller,,2,2,,,,,,,,Property ID 16461,
NorthWest Herritage House,Astrid Living,Fort Worth,,4,2,,,,,,,,Property ID 16460,
Studio,Astrid Living,New York,,1,1,,,,,,,,Property ID 16457,
Studio,Astrid Living,New York,,1,1,,,,,,,,Property ID 16456,
2 Bedroom,Astrid Living,New York,,2,1,,,,,,,,Property ID 16451,
1 Bedroom:919,Astrid Living,New York,,1,1,,,,,,,,Property ID 16444,
1 Bedroom:2019,Astrid Living,New York,,1,1,,,,,,,,Property ID 16443,
1Br Lenox Hill Residence,Astrid Living,New York,,1,1,,,,,,,,Property ID 16441,
1Br RiverSide Residence,Astrid Living,Hoboken,,1,1,,,,,,,,Property ID 16390,
1Br Aragon Residence,Astrid Living,Coral Gables,,1,,,,,,,,,Property ID 16372,
1Br Ludlam Residence,Astrid Living,West Miami,,1,1,,,,,,,,Property ID 16369,
1Br Sound Oasis Residence,Astrid Living,Boca Raton,,1,1,,,,,,,,Property ID 16363,
1Br LakeFront Residence at Boca Rat,Astrid Living,Boca Raton,,1,1,,,,,,,,Property ID 16360,
1Br 79TH Residence,Astrid Living,Doral,,1,1,,,,,,,,Property ID 16357,
1Br Doral City Residences,Astrid Living,Miami,,1,1,,,,,,,,Property ID 16340,
Studio Queen ThirtyTwo Residence,Astrid Living,New York,,1,1,,,,,,,,Property ID 16313,
1Br Brickell Habitat,Astrid Living,Miami,,1,1,,,,,,,,Property ID 16292,
1Br Back Hill Residence,Astrid Living,London,,1,1,,,,,,,,Property ID 16288,
1Br St. John's Garden Suites,Astrid Living,London,,1,1,,,,,,,,Property ID 16285,
2Br Buchanan Residence,Astrid Living,New York,,2,1,,,,,,,,Property ID 16252,
2Br Aalto 57 Suites,Astrid Living,New York,,2,1,,,,,,,,Property ID 16249,
1Br West End Residence,Astrid Living,Boston,,1,1,,,,,,,,Property ID 16194,
1Br Ava Back Bay Residence,Astrid Living,Boston,,1,1,,,,,,,,Property ID 16191,
1Br 21 Chestnut Suites,Astrid Living,Chicago,,1,1,,,,,,,,Property ID 16183,
1Br South Wabash Residence,Astrid Living,Chicago,,1,1,,,,,,,,Property ID 16180,
1Br WestSide Terrace Residence,Astrid Living,Los Angeles,,1,1,,,,,,,,Property ID 16166,
1Br Potrero Launch Residence,Astrid Living,San Francisco,,1,1,,,,,,,,Property ID 16163,
1Br Sutherland Residency,Astrid Living,San Francisco,,1,1,,,,,,,,Property ID 16160,
1Br Seazen Residence,Astrid Living,Tampa,,1,1,,,,,,,,Property ID 16157,
1Br WestShore Residence,Astrid Living,Tampa,,1,1,,,,,,,,Property ID 16154,
1Br Baton Rouge Residence Hotel,Astrid Living,Baton Rouge,,1,1,,,,,,,,Property ID 16055,
1Br Tiger Manor Residence,Astrid Living,Baton Rouge,,2,1,,,,,,,,Property ID 16052,
1Br The Woodward Residence,Astrid Living,Washington,,1,1,,,,,,,,Property ID 16049,
1Br Financial District Residences,Astrid Living,New York,,1,1,,,,,,,,Property ID 16039,
NoDa Luxury Home,Astrid Living,Charlotte,,3,2,,,,,,,,Property ID 16004,
1Br The Estates at Ballantyne,Astrid Living,Charlotte,,1,1,,,,,,,,Property ID 16003,
1Br Uptown 550 Residence,Astrid Living,Charlotte,,4,1,,,,,,,,Property ID 16000,
Seigle Home NC,Astrid Living,Charlotte,,3,2,,,,,,,,Property ID 15997,
Charlotte Luxury House,Astrid Living,Charlotte,,4,2,,,,,,,,Property ID 15996,
1Br Clifton Residences #204,Astrid Living,Clifton,,1,1,,,,,,,,Property ID 15995,
1Br Canal Residence,Astrid Living,New Orleans,,1,1,,,,,,,,Property ID 15992,https://www.hosteeva.com/properties/available/faq?property_id=15992
ACL-NY-Nash-STU1,Astrid Living,New York,,1,1,,,,,,,,Property ID 15878,
ACL-NY-Nash-STU1,Astrid Living,New York,,1,1,,,,,,,,Property ID 15877,
ACL-NY-Nash-STU1,Astrid Living,New York,,1,1,,,,,,,,Property ID 15876,
ACL-NY-Nash-STU1,Astrid Living,New York,,1,1,,,,,,,,Property ID 15875,
Saratoga Residence DC,Astrid Living,Washington,,1,1,,,,,,,,Property ID 15853,
Highbridge Residence,Astrid Living,Washington,,1,1,,,,,,,,Property ID 15852,
Portofino Island Resort & Suites,Astrid Living,Pensacola Beach,,1,1,,,,,,,,Property ID 15850,
Caribe Resort & Suites,Astrid Living,Orange Beach,,1,1,,,,,,,,Property ID 15849,https://www.hosteeva.com/properties/available/faq?property_id=15849
The Summit Residence,Astrid Living,Gatlinburg,,1,1,,,,,,,,Property ID 15848,
Capitol Hill Apartments,Astrid Living,Seattle,,1,1,,,,,,,,Property ID 15847,
Crystal Shores Apartments,Astrid Living,Gulf Shores,,1,1,,,,,,,,Property ID 15846,https://www.hosteeva.com/properties/available/faq?property_id=15846
Boardwalk Apartments,Astrid Living,Myrtle Beach,,1,1,,,,,,,,Property ID 15840,
Atlantica Residence,Astrid Living,Myrtle Beach,,1,1,,,,,,,,Property ID 15839,
Broadway Apartments SM,Astrid Living,Los Angeles,,1,1,,,,,,,,Property ID 15834,
Folsom 923 Residence,Astrid Living,San Francisco,,1,1,,,,,,,,Property ID 15832,
Penn Quarter Residences,Astrid Living,Washington,,1,1,,,,,,,,Property ID 15831,
The Pinnacle at Nob Hill,Astrid Living,San Francisco,,1,1,,,,,,,,Property ID 15830,
Heinz Lofts Residence,Astrid Living,Pittsburgh,,1,1,,,,,,,,Property ID 15828,
Pencil Factory Flats Apartments,Astrid Living,Atlanta,,1,1,,,,,,,,Property ID 15826,
Watermark at Market Central,Astrid Living,Cambridge,,1,1,,,,,,,,Property ID 15825,
Avalon North Residence,Astrid Living,Boston,,1,1,,,,,,,,Property ID 15824,
Somerset Place Residence,Astrid Living,Chicago,,1,1,,,,,,,,Property ID 15823,
3Eleven Apartments,Astrid Living,Chicago,,1,1,,,,,,,,Property ID 15820,
DC West Half Apartments,Astrid Living,Washington,,1,1,,,,,,,,Property ID 15819,
Foxhall Residence,Astrid Living,Washington,,1,1,,,,,,,,Property ID 15817,
Concourse Westchester,Astrid Living,Los Angeles,,1,1,,,,,,,,Property ID 15816,
Luxury Downtown ApartHotel,Astrid Living,Los Angeles,,1,1,,,,,,,,Property ID 15815,
1Br Murray Hill Residence,Astrid Living,New York,,1,1,,,,,,,,Property ID 15803,
1Br Battery Park Residence,Astrid Living,New York,,1,1,,,,,,,,Property ID 15801,
1Br Murray Hill at Third Avenue,Astrid Living,New York,,1,1,,,,,,,,Property ID 15799,
1Br Corporate property 3,Astrid Living,Little Rock,,1,1,,,,,,,,Property ID 15786,
ArtSquare Residence,Astrid Living,Hallandale Beach,,1,1,,,,,,,,Property ID 15756,
Brickell First,Astrid Living,Miami,,1,1,,,,,,,,Property ID 15755,
ParkLine Residences,Astrid Living,Miami,,1,1,,,,,,,,Property ID 15742,
Solitair Brickell,Astrid Living,Miami,,1,1,,,,,,,,Property ID 15740,
70 Greene,Astrid Living,Jersey City,,1,1,,,,,,,,Property ID 15736,
Liberty Towers,Astrid Living,Jersey City,,1,1,,,,,,,,Property ID 15735,
Marbella Apartments,Astrid Living,Jersey City,,1,1,,,,,,,,Property ID 15734,
Midtown East Sutton Place,Astrid Living,New York,,1,1,,,,,,,,Property ID 15729,
Chelsea Suites,Astrid Living,New York,,1,1,,,,,,,,Property ID 15727,
Murray Hill at Third Avenue,Astrid Living,New York,,1,1,,,,,,,,Property ID 15723,
